case,spd_dif_1min,spd_dif_2min,spd_dif_3min,spd_dif_4min,vol_dif_1min,vol_dif_2min,vol_dif_3min,vol_dif_4min,Weather
0,0,1.18805952,1.150840207,,0,75.52222222,78.70740741,4.155555556,1
0,1.782714483,0.66451469,1.968294429,0.89491787,4.278666667,60.5,8.137037037,2.457333333,0
0,1.094228221,0.412323568,2.112364711,2.013032155,3,59.37037037,63.55555556,3.8,0
0,0.093456589,2.369226119,0.475445229,2.571191754,1.133333333,50.976,48.9037037,10.44,0
0,2.664099431,1.956621398,1.111863035,4.328678133,17.29259259,47.56666667,5.816666667,9.044444444,0
1,14.43419664,0.908936546,1.715815289,3.174962945,7.392592593,47.4537037,10.6922865,3.7375,0
0,0.093003767,2.858987334,0.845903236,1.747880262,3.116666667,45.3375,3.891666667,10.75555556,0
0,2.707665881,2.670829025,8.602042884,1.598721522,34.10833333,38.04583333,6.975,10.27777778,0
0,2.232343347,2.572435677,2.46290014,0,4.891666667,35.90833333,8.988888889,0,0
0,1.639530705,2.331128918,1.849626645,9.181767474,0.866666667,35.6375,3.925,2.483333333,0
1,3.636435372,2.365396772,0.884305271,2.402881636,11.54081633,35.2962963,29.42933333,5.070833333,0
1,3.413014591,7.185391659,7.330108041,9.096898273,30.97592593,35.06133333,3.881481481,8.96875,0
0,7.933171862,3.098690563,0.637160495,1.0193782,8.0125,34.11666667,8.670833333,8.208333333,0
0,5.415603899,2.83065754,0.081875209,3.455163006,12.31111111,33.216,0.4,9.570833333,0
0,2.711443874,4.169972334,6.617895463,4.641320697,40.25185185,33.00533333,10.09166667,20.97083333,1
0,4.777596483,7.056429019,1.717547671,3.492714938,11.75925926,32.73125,5.311111111,10.45208333,0
0,0,0.213466912,1.943741512,5.190475903,38.08333333,32.00740741,2.52962963,17.90925926,0
0,5.537602143,1.999744045,0.596472772,10.75811616,18.7125,32,3.141666667,8.096296296,0
1,4.479620795,2.826733733,1.431693141,2.387966114,12.34166667,29.73981481,12.67083333,7.010666667,0
1,1.509362557,1.673444556,4.131778788,3.53093651,23.20495868,29.41,4.363888889,9.771875,0
0,0.148231857,2.975956598,3.10176843,2.961629247,4.6,28.82,32.58958333,1.616666667,0
0,5.840523952,,9.855372268,12.40400062,5.083333333,28.46851852,4.2625,6.7,0
0,3.970222188,1.929140745,1.283976599,0.429143969,1.714814815,28.45,9.158333333,26.37407407,0
1,2.17790769,1.60123832,1.179661039,0.868429988,20.384,28.17777778,14.548,4.656,0
1,4.329255889,1.88789376,1.563680255,1.329561889,10.98958333,27.53518519,7.964583333,3.835416667,0
0,2.17655847,1.414529757,1.756389632,1.235476322,7.565333333,26.59583333,7.704,3.372,0
1,2.5828698,1.623883519,3.606041878,2.200876198,25.86088154,26.33333333,7.546666667,12.43497942,0
0,0.996337451,3.177658494,2.928039804,1.65234463,8.355555556,25.892,32.77083333,3.75,0
1,2.067431864,3.387626862,3.583112595,1.437277,11.5375,25.33981481,34.06133333,14.43703704,0
1,14.39463604,10.18741532,11.83326418,3.102116402,21.89166667,25.06666667,18.2875,34.848,0
0,1.490183229,4.191162294,2.021458107,1.021908858,7.841666667,24.90133333,7.7125,8.7,0
1,7.126754628,2.837287723,2.945357184,1.977410815,22.52424242,24.394,8.758503401,6.977083333,0
0,0,0.145142905,0.206293706,3.705679486,0,24.25,85.6,0.25,0
0,1.100587705,3.79001139,0,2.193445469,5.1,24,0,5.659259259,1
0,1.587261208,2.151330794,1.476469186,1.092273461,16.97291667,23.77037037,22.42962963,2.162962963,0
0,0,0.732899858,0.986529934,8.375947201,0,23.67407407,5.616666667,20.23333333,0
1,2.333834426,1.813178773,3.814497724,1.755686792,4.979166667,23.56,1.994666667,0.544444444,0
0,0.818782588,2.813259281,1.911342524,2.125235431,5,22.24074074,12.43703704,16.00416667,0
0,5.495671164,1.311819675,0,0,25.51111111,21.70833333,0,0,0
0,0,4.511537966,0.011103969,2.482526206,0,21.44166667,0.425,33.77708333,0
0,12.05048282,1.152000157,1.318751088,1.596784555,0.033333333,21.12592593,19.744,14.31851852,0
0,0.71093206,3.562028086,1.694464177,2.842829649,2.866666667,20.776,10,15.58888889,0
1,5.018685118,2.14773641,2.016357129,2.248400672,29.69166667,20.72517007,1.977777778,3.837333333,0
0,1.900212908,8.17142209,1.138092395,2.292247161,7.870833333,20.37037037,44.83541667,33.68333333,0
1,11.44770685,1.285372037,2.553990652,2.537336428,12.7390625,20.14533333,3.585185185,6.797333333,0
0,0.295025271,0.771259325,,0.364269448,1.1,20.11481481,14.71851852,3.277777778,0
0,0,1.795632171,0.655025341,0,0,19.05833333,7.525925926,0,0
0,0.698532267,0.377432582,1.808415156,2.076485796,6.2375,19.05,7.616666667,6.066666667,0
1,4.063940295,1.017457919,2.157149188,1.730079924,23.58958333,18.82083333,27.90555556,2.907407407,1
0,0.893992588,0.840987842,10.52367988,1.665517244,7.041666667,18.71481481,1.703703704,5.074074074,0
0,0,17.04242684,0,7.763453134,0,18.51666667,0,10.80208333,0
1,13.32775378,1.925720501,3.926789718,8.544437847,13.23333333,18.15,10.58958333,7.437037037,0
0,2.983561542,1.70709603,1.833005979,3.322647327,4.166666667,18.14166667,4.479166667,7.075,0
0,0.711565504,0.842121524,2.072339254,4.632527857,3.216666667,17.69259259,11.11111111,5.585185185,0
0,0.431158032,1.416652411,2.980412571,0,7.15,17.64074074,5.108333333,0,0
1,1.399288984,1.359136422,1.043791425,1.358710466,2.485416667,17.47733333,9.208,0.775,0
0,7.523366786,1.885269979,1.349358425,2.731261603,8.896,16.925,16.98541667,7.516666667,0
1,2.45619221,0.340868367,1.100968568,2.557205657,13.70925926,16.87407407,8.045333333,10.86533333,0
0,1.821698532,1.157664375,0.576672744,1.211906054,3.792592593,16.52916667,3.051851852,5.766666667,0
0,0.704457183,1.919185429,1.987001417,1.399757295,4.807407407,16.39166667,8.785185185,2.714814815,0
1,2.45982742,0.336424973,1.284646685,2.505972012,14.76481481,16.33333333,9.641666667,5.521333333,1
0,0.88026628,1.962129761,1.527371101,1.626221305,9.391666667,16.26296296,0.740740741,5.866666667,1
0,1.862030968,2.945342666,3.781755011,1.83580295,3.562962963,16.15833333,27.9875,3.907407407,1
1,2.839645663,1.381217202,1.567344798,3.019570452,8.841666667,16.12083333,15.22533333,11.78958333,0
0,1.790326713,7.478866966,0.385195068,2.110078106,2.175,16.00833333,5.741666667,33.74,0
1,4.730102247,2.113692713,1.400123516,1.049005484,6.864,15.975,13.45733333,20.40625,0
0,1.828942365,0.721615121,0.271651303,2.701299578,7.762962963,15.97037037,12.22222222,1.525925926,0
1,1.150144062,1.632131352,1.351951912,1.275433154,10.71466667,15.59259259,3.429333333,3.810666667,0
0,2.568465319,7.231233128,2.993788301,0.030107573,14.02962963,15.55555556,12.5,6.988888889,1
0,0.140411151,1.445955515,3.206623894,0.862923575,6.63125,15.47777778,29.412,11.325,0
1,3.1710367,1.512590118,3.382976198,2.919095898,14.56410256,15.23666667,3.063888889,4.111111111,0
0,1.223869598,4.859557049,3.636551129,2.13257684,1.025,15.12708333,0.3,0.744444444,0
0,0.657270796,0.229972696,1.668344555,0,6.1,15.04166667,7,0,0
0,2.311819254,4.41767303,1.811848496,0.490905629,19.94444444,15.01666667,7.792592593,0.988888889,0
0,1.498917201,3.311570877,0,1.93008709,1.183333333,14.92266667,0,5.959259259,0
0,0,8.583715191,12.44506893,1.055221442,0,14.8,11.95866667,18.75833333,0
0,1.431297204,1.418125875,1.303997871,3.191666667,8.054166667,14.61111111,10.94074074,4.633333333,0
0,2.583296384,5.915485198,4.053355596,0.870150692,19.15625,14.1,21.3,19.57,0
1,14.38253408,3.199696907,2.234950164,1.730719596,11.04933333,14.04583333,10.77916667,13.05833333,0
0,1.228961422,1.876554127,2.12432846,0.17023933,1.282666667,14.036,,2.733333333,1
0,1.773495555,1.6414102,1.119099981,0.296601194,6.777777778,13.58333333,6.6625,1.8375,0
0,0.558449052,1.954211241,0,2.349013505,15.2,13.325,0,2.966666667,0
0,1.070724474,1.090120577,3.443034508,2.260566746,1.9,13.30208333,30.31666667,6.25,0
0,0.834926186,1.698151356,3.877524174,2.164414674,3.485416667,13.28518519,24.968,24.28541667,0
0,0.93847548,5.92364625,2.101874743,1.51629882,0.925,13.27291667,4.055555556,3.222222222,0
0,3.405531786,0.983851269,1.739717513,2.023536423,8.318518519,13.25925926,3.059259259,7.375,0
1,2.189091128,2.223927249,1.419523286,2.506775706,4.944444444,12.92789116,10.72708333,4.92,1
0,1.007443937,1.090657263,1.29149311,1.424476072,3.240740741,12.76296296,74.625,6.916666667,0
0,11.8397751,11.07431705,2.608617898,2.008008036,14.76666667,12.73541667,4.2375,42.94166667,0
0,7.778342236,8.668056529,4.870673397,0.029971513,1.9625,12.62592593,15.5962963,1.241666667,0
1,5.802087454,9.506593359,3.753910269,2.650292272,58.81296296,12.62291667,20.959375,18.73263889,0
1,4.751703858,0.836203486,2.484580349,1.624605864,11.70533333,12.6,32.92777778,31.308,0
1,2.957377504,7.129861611,8.575190348,7.248435926,9.375925926,12.52592593,8.278666667,4.485185185,0
0,1.800201571,0.873517194,1.857785528,0.739472643,4.125925926,12.48888889,3.856,6.222222222,0
1,1.432671993,2.592811982,7.840501875,8.986205618,11.89375,12.4625,17.54375,43.15,0
1,1.966629686,1.463965277,0.846741768,4.200824359,7.866666667,12.456,9.883333333,8.3125,0
0,3.038880656,1.131941564,4.159037514,4.324484876,11.925,12.42222222,22.632,25.9125,0
0,8.51608762,4.931858606,1.491560678,4.776476778,6.333333333,12.3962963,8.422222222,55.65,0
0,12.43236239,11.97767518,0.849643701,0.223974653,1.688888889,12.325,4.281481481,3.896296296,0
0,3.546174663,4.183532202,1.535733759,1.450405518,18.54375,12.3,1.416666667,1.866666667,0
0,0.869928745,1.20059028,0.34836173,1.787056664,3.716666667,12.23703704,3.3,6.822222222,0
0,1.363927247,1.549909831,1.963485212,5.995369261,7.418518519,12.12592593,4.416666667,0.725,0
0,2.503902963,0.655940682,4.926694557,0.484160299,6.459259259,12.01666667,26.40208333,6.403703704,0
1,2.127031512,3.133732793,3.6056291,,15.31296296,11.94375,13.66258503,5.650462963,0
0,2.180311518,1.104537453,0.803571695,2.198206067,0.481481481,11.88518519,5.633333333,1.583333333,0
0,3.908063001,2.990945226,1.567913488,2.153958364,22.04791667,11.79444444,3.970833333,3.974666667,0
1,3.356614632,7.961080964,4.305687174,2.693706174,10.20740741,11.79166667,6.666666667,34.84166667,0
0,0.129356252,1.241417393,2.536088037,0.279376708,6.425,11.75,6.998666667,8.816666667,0
0,1.777273364,2.010779816,2.722881613,3.045287841,9.614814815,11.65,6.166666667,7.133333333,0
0,12.60032228,1.525005423,0.89837731,1.615333287,10.81066667,11.53333333,5.2,1.316666667,1
0,0.409011611,2.027947031,1.011126828,1.123467889,7.488888889,11.42592593,8.696296296,1.62962963,1
0,1.582316864,5.519684008,2.494814257,1.239624019,9.0875,11.40208333,2.97037037,5.333333333,0
0,1.616551321,0.568676543,3.172754809,0.712900724,3.2,11.39259259,1.841666667,0.966666667,0
0,0.800173635,1.702242849,1.483882047,3.309807397,4.004166667,11.35555556,1.1,7.866666667,0
0,1.874548791,4.954336407,1.373895769,1.16831524,18.78,11.14583333,9.503703704,23.56296296,0
1,8.085797642,1.337274383,1.216666715,2.785113048,3.483333333,11.10666667,5.636,5.4375,0
0,0.853495886,0.88372558,1.450087948,0.681085202,3.458333333,11.01458333,2.544444444,4.411111111,0
1,11.69768878,2.498956897,1.859933305,2.82097177,7.475,10.97222222,6.431018519,3.45,0
1,2.462206493,9.732776808,6.739232448,2.373453264,7.666666667,10.8875,4.953703704,6.216666667,0
0,6.585150619,0.826732987,0.275943291,4.06715099,8.296296296,10.83703704,11,22.99583333,0
0,1.096921037,2.142060715,2.161347283,1.816202212,2.64,10.83541667,4.025,2.875,0
,11.44296746,7.981967507,1.311983323,5.132985834,4.825925926,10.8,8.577777778,33.63333333,0
0,1.182748075,3.491947124,1.805431877,1.189377193,1.591666667,10.71666667,4.007407407,0.466666667,0
0,3.949903002,1.149429413,2.223153102,0.982521534,13.84166667,10.66041667,29.58,7.196296296,0
1,3.213031281,0.440970033,0.626373717,5.434645533,15.25733333,10.5125,9.508333333,23.65,0
0,9.666604779,1.4262189,0.526532611,1.074590634,11.34166667,10.46666667,12.25555556,20.72222222,0
1,3.925145955,1.123839032,1.672432285,3.359801354,2.103703704,10.44666667,4.104,6.977777778,0
0,0,3.710723569,0,0,0,10.44166667,0,0,0
0,2.657898664,1.283715667,1.911272495,3.930713535,5.159259259,10.38333333,6.65,21.43333333,0
0,9.209963488,4.281422071,0.838238785,1.610665031,8.658333333,10.34814815,29.54074074,3.359259259,0
1,1.922909884,3.777052437,3.888434137,4.426587549,4.149333333,10.20925926,6.645333333,7.206459054,0
1,13.09576461,8.391408828,2.348934477,18.19188361,2.3,10.14166667,7.751851852,12.6,0
0,1.775596001,1.366891825,4.489459809,2.11730638,2.711111111,10.13333333,6.888888889,5.807407407,0
0,3.637795827,2.289449332,3.445493506,0.407255417,12.68888889,10.11111111,7.3125,4.025,0
0,2.739609145,2.673554959,3.253783374,0.526203606,6.674074074,10.075,24.6875,0.2,0
0,2.402928492,2.43671893,3.761768146,4.040024517,3.741666667,10.02291667,5.803703704,36.7,0
0,0.895153662,1.452718303,5.311138327,1.784885818,5.475,10.00740741,26.22,5.940740741,0
1,2.123425972,2.712176687,2.420293774,2.562199735,9.348,10,12.51458333,9.483333333,1
0,1.719273374,2.439278354,2.053795226,0.870028815,7.662962963,9.954666667,9.258333333,13.9,0
0,0,9.37090147,11.16841894,5.390903275,0,9.925925926,4.866666667,14.59259259,0
0,0.875028042,2.043732524,3.887215117,0.766915232,4.791666667,9.907407407,4.379166667,1.7,1
1,8.342996875,6.915767118,1.382220391,2.069369105,14.65333333,9.881333333,1.378666667,1.942666667,1
1,3.193427919,1.7800495,1.790512775,0.63211416,6.802666667,9.879166667,5.401851852,3.979166667,0
0,3.109351938,0.54511641,2.3480902,0,1.777777778,9.844444444,4.325,32.65,0
1,5.976744174,6.303114142,1.08950239,4.171344744,6.166666667,9.805333333,5.066666667,12.05833333,0
0,0.443131098,2.327099671,1.670542423,2.422465965,37.14444444,9.766666667,11.27777778,3.65,0
0,0.946452962,1.739913993,0.60704813,0.128796871,1.8,9.733333333,1.407407407,5.708333333,0
1,1.275611257,0.930706323,2.479513325,13.27163646,3.752083333,9.7125,4.170833333,12.1625,0
0,1.595418232,1.749523846,3.450515339,1.624092915,4.160416667,9.63125,11.725,3.245833333,0
1,2.10979467,2.215371645,1.811946813,3.09375189,8.081632653,9.552,4.069444444,1.16,1
1,11.61549769,10.85097752,12.85523187,9.265409767,2.166666667,9.518518519,10.34166667,9.586666667,0
0,0,6.456150153,10.3562988,3.216231931,0,9.375,8.616666667,40.47083333,0
0,1.142828716,2.30972709,3.368590862,2.916690877,1.37037037,9.325925926,34.208,4.483333333,1
0,1.100585698,1.227981439,1.622535435,1.605160983,4.416666667,9.311111111,21.50833333,3.507407407,0
1,10.28060543,2.937215999,3.071956292,2.231185347,5.8,9.297916667,8.041666667,5.233884298,0
0,1.731390396,3.435378877,1.002265281,1.507127078,24.53333333,9.259259259,,4.318518519,0
0,2.068392721,1.140709412,4.127828982,4.082219075,3.747916667,9.235416667,19.27407407,19.87066667,0
1,5.66654357,4.150630136,4.124482847,7.450291078,31.60946746,9.168518519,6.109895833,34.02386364,0
1,4.657542498,0.448886661,4.305263557,3.670190262,2.541333333,9.160416667,24.14444444,21.95733333,0
0,0.450247493,3.543653298,9.202094979,1.651775587,1.65,9.141666667,16.78888889,30.89866667,0
0,0.692908996,0.926769605,5.023924371,17.57,6.708333333,9.116666667,17.23333333,2.625,0
0,0,0.194397233,2.581030889,0.293367849,0,9.091666667,2.029166667,0.35,0
1,2.770900945,1.024776815,4.078577421,4.449510713,11.80833333,9.085416667,21.87962963,19.088,0
0,2.183391472,,1.241046177,1.368278498,1,9.0625,4.283333333,6.496296296,0
0,2.363882291,0.83907124,1.704430618,2.713599249,8.325,9.041666667,0.75,7.033333333,0
1,3.861343781,2.163189587,3.112062676,2.707340663,4.854666667,9.029166667,6.459670782,5.481255771,0
0,2.692719952,1.078825936,1.744311244,1.987437229,3.57037037,8.966666667,2.68125,2.879166667,0
0,3.465644762,3.428872509,14.40421305,0,5.083333333,8.958333333,3.191666667,0,0
1,17.44664355,2.365276835,4.58212056,2.178232925,6.872,8.938666667,8.670833333,5.441666667,0
0,1.32033624,1.61691898,0.284057505,0.499873624,5.474074074,8.908333333,1.066666667,2,0
0,0.71742757,2.262787203,1.505478682,0.695678056,3.262962963,8.895833333,14.53333333,5.745833333,0
0,2.021867556,1.012969246,0,0.464931731,7.740740741,8.866666667,0,4.166666667,0
1,2.666618536,0.836300867,0.433203387,3.795157491,16.09866667,8.85,5.333333333,19.29444444,0
0,0.177896963,0.379554256,2.016150623,1.418164032,6.991666667,8.808333333,1.211111111,4.3625,0
0,1.494801928,0.790474189,0.37910948,2.724084829,2.085185185,8.785185185,6.451851852,2.918518519,0
1,5.674511358,13.71068789,6.701942744,13.8713754,15.90068027,8.775,4.544444444,7.51875,0
1,2.697998613,1.646277068,1.49512153,3.806737528,8.340740741,8.741666667,4.483333333,15.71944444,0
0,0,1.556488175,,0,0,8.740740741,7.203703704,0,0
0,4.89563312,1.586685771,1.817484748,0,1.3,8.722222222,8.391666667,0,1
0,9.611662901,1.469161569,1.568703933,1.614825484,9.683333333,8.708333333,2.844444444,39.79166667,0
0,0.594395816,2.036842722,1.343862024,0.264408561,11.63333333,8.7,8.4,0.35,0
1,5.76189057,4.262422628,0.576725607,3.506669811,4.288888889,8.693333333,11.55833333,5.608,0
0,2.156361476,2.412907925,2.121022644,1.273857516,7.9,8.670833333,18.36875,2.383333333,0
0,0.220623361,0.609948272,2.988619563,0.479952423,10.24166667,8.658333333,37.8125,5.475,0
1,3.610058471,0.882154005,1.444360794,2.542807541,1.658333333,8.591666667,5.245333333,4.24,0
0,1.018346012,0.78146634,1.39494706,1.609549021,11.73333333,8.575,11.8962963,12.17916667,1
0,2.45920207,0.897948798,,16.6560627,13.2875,8.5,8.2,10.4,0
0,12.83444425,0.131351234,1.60113112,0,3.903703704,8.5,16.01666667,0,1
0,1.069129221,2.364977325,2.235282805,4.084150247,9.777777778,8.5,0.233333333,2.258333333,0
0,1.110898618,1.705270772,1.898913714,1.898141764,1.695833333,8.488888889,1.383333333,3.1375,0
0,3.916435527,4.062960364,3.0437199,1.617578421,13.07708333,8.461333333,3.6,2.340740741,0
1,2.782250417,3.644587738,2.332129944,1.567691569,14.47083333,8.386111111,1.166666667,5.764,0
0,1.305924995,3.761633622,2.385453793,0.689071132,12.29583333,8.364583333,1.44375,13.70833333,0
0,10.68125672,0.274539115,0.535659894,3.007257342,4.037037037,8.355555556,1.2,3.851851852,0
0,2.290686456,1.004442915,1.379875257,1.732490077,7.381481481,8.255555556,1.308333333,14.39259259,1
0,0.588245186,1.084980704,3.575229529,1.863777451,3.033333333,8.225925926,1.95,6.433333333,0
1,2.331829688,2.464995826,8.753614872,6.295414284,7.041666667,8.166666667,3.783333333,9.644444444,0
1,9.802279743,8.620162748,1.549355445,2.334280462,12.48333333,8.152083333,41.26875,51.00555556,0
0,1.867135204,3.043748479,2.747163863,1.535927712,4.68125,8.137333333,2.862962963,1.44375,0
0,1.276727132,7.248654928,5.216234354,2.98232369,7.8,8.088888889,4.55,18.8,0
0,6.503972552,1.926748478,2.378215555,0.143620809,3.133333333,8.083333333,1.5375,1.6,0
0,6.123611705,0.537121339,3.653090415,3.258037596,10.57733333,8.070833333,20.51111111,22.89333333,0
0,6.841422335,1.427322823,0.777974975,4.943193287,7.551851852,8.062962963,4.322222222,27.28,0
0,0.033551834,3.311826475,0,2.053913673,2.166666667,8.041666667,0,18.55833333,0
1,2.260440482,0.551754658,0.738843062,3.231465,16.012,8.029166667,6.475,26.72037037,0
0,1.102884034,1.4675503,2.374262537,2.135893617,1.416666667,8.003703704,0.275,1.925,1
0,0.272098186,4.436877828,3.672337884,3.398946608,2.225,8,33.67083333,48.95,0
1,2.622034804,2.821358574,7.234445873,2.260374783,6.166666667,7.948148148,6.96,4.962962963,0
0,2.43738997,8.673226602,1.679743168,0.819196561,6.962962963,7.904166667,7.514666667,4.266666667,0
1,1.682390689,2.739500867,2.3614311,2.858889651,5.6,7.8,5.644444444,2.8625,0
1,7.141997799,2.44697886,4.278949882,2.806376485,6.868,7.797916667,39.96111111,39.10933333,0
0,0.398733649,0.877648845,1.945992548,1.050910456,5.491666667,7.777777778,5.8,2.933333333,0
0,1.69750362,2.177808116,1.511354362,0.386242168,3.122222222,7.729166667,1.096296296,15.53703704,0
0,2.538775702,0.982454048,4.507999147,1.383203331,0.975,7.703703704,8.7,1,0
0,1.154406999,2.555793672,1.356625056,2.022989765,2.474074074,7.648148148,2.65,3.608333333,0
0,1.210103358,0.960280677,1.321819385,0.519523029,4.759259259,7.641666667,11.7,5.466666667,0
0,2.104055474,1.05208501,1.245560739,0,45.09791667,7.633333333,5.692592593,0,1
1,1.382165959,2.15022774,0.914594744,1.853520562,2.885333333,7.62962963,3.393333333,1.842666667,0
0,1.653680654,0.945257862,3.172633315,1.715781131,5.285185185,7.627083333,13.34791667,5.2,0
0,13.21385431,8.530666605,0.755111283,10.14720137,13.91666667,7.618518519,6.95,8.055555556,1
0,0.580224598,0.458018362,2.337908181,1.311656019,8.2,7.575,5.933333333,4.074074074,1
0,0.686523993,1.433495551,1.687777851,0.817215217,5.422222222,7.555555556,24.53333333,1.375,0
0,0.426605669,0.624950878,1.9424912,0.99340044,3.066666667,7.551851852,5.340740741,10.77037037,0
1,4.754919655,3.185779989,1.056535886,2.626972517,10.16666667,7.493333333,13.35466667,15.21066667,0
0,0.626450493,2.066326392,1.606622799,0,5.76875,7.469333333,8.116666667,0,0
0,0,4.52299501,17.05720298,2.64268078,0,7.42962963,2.15,24.52083333,0
0,2.203861125,12.34,1.222815558,1.322052805,11.78888889,7.4,5.325925926,14.16666667,0
0,2.233318186,2.826466355,0.500803885,0.550455975,7.614666667,7.392592593,7.237037037,2.614814815,0
0,0.667298313,1.244743941,3.480225934,1.240987395,9.688888889,7.348148148,21.2,8.014814815,0
0,0,3.979895833,5.032639356,9.028819728,0,7.333333333,12.26666667,0.066666667,0
1,10.91359539,9.098184283,6.990097689,1.658080797,5.916666667,7.325,3.876,3.456,0
0,4.334303773,1.532100846,0.672885773,1.941797026,7.633333333,7.318518519,18.92592593,2.475,0
0,1.659052257,6.965229686,1.425271698,4.628634178,7.591666667,7.316666667,8.566666667,0.575,1
0,5.438527927,1.270071336,2.230340455,1.282836084,4.045833333,7.308333333,13.7037037,6.555555556,0
0,1.238641097,2.106897305,2.59378677,1.826250486,3.711111111,7.3,6.22962963,5.025,0
0,1.320254508,0.814530333,2.237585992,4.244344889,2.366666667,7.285185185,5.637037037,19.55833333,0
1,2.677588003,1.078607054,2.808422326,1.573790722,5.092708333,7.278666667,5.237333333,0.525,0
0,0.977202024,0.631527947,0.451093129,3.091521585,3.948,7.266666667,2.15,5.464583333,0
0,5.312448222,9.058948203,7.730407791,0.655919295,20.41458333,7.22962963,6.266666667,0.3,0
1,1.336496227,1.267058224,1.305995517,2.409279833,3.478666667,7.217333333,2.836,1.951851852,0
0,0,0.857490371,0.778354605,2.152461928,0,7.2,1.7,3.225,0
0,0.780129181,3.058614973,0.906438821,0.977103412,10.77037037,7.2,3.374074074,45.06041667,0
0,1.294042804,2.246531513,3.51663103,5.7844197,3.355555556,7.166666667,4.3,3.444444444,0
1,6.70233156,9.040512022,9.265522088,6.671535966,7.912,7.155555556,10.74583333,18.98518519,0
0,0.458557706,1.1422719,0.737407852,0.817795548,0.808333333,7.144444444,0.596296296,2.922222222,0
1,4.278045996,5.946342095,3.030818548,1.720381549,35.62685185,7.141152263,17.66258503,13.81898148,0
0,11.79371373,0.97766867,0.83987917,1.900579211,25.05555556,7.125925926,12.99166667,36.4875,0
0,5.369175049,0.577574529,0.596446462,3.158211,2.716666667,7.116666667,4.5,3.488888889,0
1,1.390579375,0.649902722,2.998638608,3.005649398,4.585416667,7.1125,31.03703704,37.19466667,0
0,1.082090573,2.553537966,4.09172374,0.139573579,1.155555556,7.088888889,1.066666667,5.466666667,0
0,3.348509681,3.795925879,4.160567339,1.648463141,11.75466667,7.083673469,5.922222222,4.606666667,0
0,1.652700931,2.177344648,8.779917661,8.276504349,16.01111111,7.070833333,1.281481481,5.133333333,0
0,0.360532481,2.568821576,1.175772469,0.948408531,1.583333333,7.054166667,6.288888889,11.38148148,0
1,3.974617938,1.051218298,1.866536141,0.798399206,15.63066667,7.052,6.111111111,15.53333333,0
1,1.5679664,5.984387827,4.681022455,7.065430328,6.518518519,7.041666667,8.936,5.058333333,0
0,7.717249938,5.318512564,11.29900709,10.95480031,12.87708333,7.037037037,21.925,2.441666667,0
1,5.501334286,1.79560338,3.681068821,3.002251278,11.428,7.004166667,10.85034014,15.71433333,0
0,1.193055944,0.85359542,1.336643358,2.700828507,8.840740741,6.985185185,8.766666667,18.88,0
0,5.973610538,8.938550758,4.093974264,7.302845072,10.825,6.916666667,3.191666667,5.562962963,0
1,4.736712704,4.464954941,2.058880071,7.012078941,10.57823129,6.916666667,4.218518519,6.544897959,0
0,1.170115179,1.130355957,4.004702195,3.490178076,7.58125,6.9,19.69074074,10.116,0
0,1.821345842,3.472865741,4.565564583,0,3.083333333,6.890666667,2.596296296,0,0
0,0,1.069230279,0.458471159,2.28846892,0,6.888888889,7.792592593,5.774074074,0
0,1.392850283,1.070631517,1.570486631,2.612179482,3.783333333,6.888888889,1.975,6.814814815,0
1,3.049799064,2.558833477,2.259718617,3.114541649,4.951530612,6.8671875,6.258024691,5.645833333,1
0,2.566577587,2.259548751,3.421077274,1.556720663,1.841666667,6.825,3.748148148,0.703703704,0
0,2.541598173,1.429187421,3.184072101,0,6.116666667,6.8,0.158333333,0,0
0,0.988593892,1.9397255,4.188688816,1.190565976,6.727083333,6.792592593,27.33541667,2.166666667,0
0,1.26518762,2.555247536,2.553632337,0,4.829166667,6.779166667,5.8125,0,0
0,0.774243253,0.318163157,1.527958071,3.166589501,12,6.758333333,0.758333333,2,0
0,1.047358028,0.670134756,2.157300801,0.359811117,1.5,6.7125,8.87037037,4.408333333,0
0,6.693638473,1.380686546,5.051797101,5.319165626,7.972916667,6.681481481,22.396,19.5375,0
0,0.894273168,2.562841455,0.664093783,1.411047759,3.781481481,6.674074074,6.491666667,4.175,0
0,3.25595005,2.567547233,0,0.603150257,8.075,6.655555556,0,18.1,0
0,1.348453299,1.853551988,1.342629342,1.242890801,4.758333333,6.633333333,6.866666667,16.08518519,0
0,1.013964335,,2.444435517,0,1.366666667,6.548148148,7.340740741,0,0
1,12.86686642,11.94043184,3.089615751,3.566845474,9.444,6.533333333,9.811111111,10.65555556,1
1,3.307144869,4.562466745,3.10979079,3.807907961,8.856790123,6.464814815,6.449333333,7.011666667,0
0,0.145076273,2.673031712,2.177866873,0.567736415,5.714814815,6.4,6.062962963,0.666666667,0
0,1.204780757,11.44934251,9.031373778,1.46858607,9.207407407,6.377777778,3.225,2.425,0
0,0.803495182,1.805019892,3.658001095,1.88301345,8.407407407,6.32962963,22.32133333,4.533333333,0
0,3.310661558,3.027070432,0,2.815649751,16.125,6.308333333,0,1.722916667,1
0,0.107684096,4.694734833,1.15862034,0.373650633,2.375,6.289333333,2.322222222,11.56296296,0
0,3.442320335,1.496001189,1.617580223,0.608001516,1.561333333,6.285333333,14.75,7.236,0
0,2.209002245,1.194379951,0,1.499426869,8.266666667,6.279166667,0,14.85833333,0
1,2.532193025,1.29998667,0.860974691,2.399647986,10.307,6.27768595,11.45733333,7.728395062,0
1,2.796714099,2.236197629,2.094796836,1.693630721,2.725925926,6.275,8.972916667,4.325925926,0
0,11.35515081,4.092838751,8.838436591,2.308378378,5.491666667,6.258333333,1.674074074,19.45555556,0
1,8.521795396,7.414968276,3.448247071,1.868591291,5.9,6.22962963,8.440740741,0.525925926,0
1,2.246468744,1.433629203,2.479865651,2.23830727,3.979166667,6.214814815,5.1,4.133333333,0
1,,3.366899294,0.794364104,1.20372204,1.312,6.175,11.87733333,1.927083333,0
0,1.401507748,2.055629174,11.47984184,2.485338787,2.745833333,6.155555556,11.24074074,0.990666667,0
0,1.217889884,2.072640325,1.767777598,7.500210074,13.15555556,6.133333333,2.533333333,18.53333333,0
0,1.29845885,0.636945341,2.448845304,0.830428878,1.811111111,6.103703704,4.945333333,1.883333333,0
1,2.032185884,0.764843576,1.197832356,1.716170134,7.4,6.091666667,4.652083333,2.807407407,0
0,0.840742327,1.830653693,3.747964922,4.462037553,2.525,6.079166667,19.86,15.068,0
0,0.784444521,0.574971218,2.492738296,16.04868007,1.966666667,6.033333333,4.266666667,13.9,0
0,0.90441478,0.653670335,2.099982671,2.778427855,5.048148148,5.981481481,6.658333333,3.766666667,0
0,2.9171101,1.830958387,0,0.492492805,3.808333333,5.977333333,0,10.22222222,0
1,2.648632651,1.929179167,3.399614481,2.847119022,5.309375,5.966666667,1.562666667,3.708333333,0
0,1.493830744,1.230569771,4.791045804,5.245450278,2.345833333,5.962962963,12.07291667,11.32592593,0
0,1.972514489,1.955975768,3.488037761,1.182474044,1.903703704,5.95,19.66875,7.15,0
1,2.99101042,0.461860475,1.130668874,4.40556837,13.56533333,5.95,4.408333333,12.2962963,1
0,1.747849393,0.52718229,2.603183075,5.829595124,3.103703704,5.908333333,8.258333333,15.62916667,0
0,0.967607527,0.484417258,1.794260402,2.087288872,9.391666667,5.904166667,1.092592593,4.116666667,0
1,1.793156437,3.09977111,3.338031319,2.452860689,3.133333333,5.881333333,11.80933333,19.30833333,0
0,1.605217647,,1.632029773,5.449883879,6.8,5.866666667,1.625,6.144444444,0
1,2.617153836,2.013836209,2.340971097,1.233707876,9.402666667,5.866666667,5.472,4.077777778,0
0,0,1.158371211,1.964301455,0.741634919,0,5.844444444,21.17777778,11.35,0
0,1.18032125,3.061235647,0.079584027,3.541486006,2.311111111,5.825925926,1.566666667,1.646666667,0
0,1.09365786,1.073854111,1.534681883,1.376582293,5.548148148,5.825925926,4.459259259,4.1375,0
0,0.921523581,0.767238577,1.294762943,1.100790535,3.481481481,5.792592593,11.80833333,5.308333333,0
1,7.195379427,1.973710737,5.255718197,,6.630666667,5.7875,25.97083333,15.78055556,0
0,1.711462139,4.067576254,2.678475571,2.465775441,3.254166667,5.775,6.437037037,3.008333333,0
0,3.446298841,2.152932363,3.041782515,3.457463016,1.483333333,5.722222222,1.716666667,7.179166667,0
0,2.122212163,1.22199869,1.377000096,2.737510699,2.666666667,5.718518519,6.1,5.503703704,0
0,2.373565756,0.067530781,3.538381792,5.244334382,72.825,5.716666667,5.55,2.425,0
1,1.677800525,1.757639045,3.186743093,3.652998457,55.38933333,5.710666667,8.107407407,17.74398672,0
1,2.685419059,2.736859861,2.717111597,1.905369467,5.6,5.645333333,19.74933333,32.06666667,0
0,0.082887537,0.354314884,3.06570609,0.990111866,2.433333333,5.633333333,1.116666667,7.785185185,0
0,3.052485375,1.390337482,2.212193635,6.578636005,69.40416667,5.595833333,8.666666667,18.45167243,0
0,13.7723914,11.61958351,1.569337601,0.870820783,1.05,5.592592593,0.896296296,5.37037037,0
0,2.736811538,2.017281741,2.046507385,0,2.996296296,5.551851852,5.537037037,0,0
1,4.189946137,1.492920569,2.34819313,2.806106108,12.32916667,5.525925926,5.041333333,19.15,0
0,3.849565608,1.287813855,3.086441689,0.626751873,6.214814815,5.508333333,1.795833333,0.416666667,0
0,11.47920756,3.574588232,3.368342029,3.154320024,2.940740741,5.507407407,1.383333333,6.466666667,1
0,0.583704688,9.708450603,1.191391959,1.14860165,13.11851852,5.496296296,5.462962963,6.214814815,0
0,1.460417786,2.93080427,0,0.443371205,5.908333333,5.492,0,20.05,1
1,4.943110445,1.579744322,2.987271135,3.116078673,3.051851852,5.479166667,20.73148148,22.45733333,1
0,0.805967321,1.366529636,0.587619688,1.319143729,8.383333333,5.451851852,4.155555556,0.875,0
0,2.087928722,1.663036805,3.981815724,0,3.096296296,5.450666667,4.541666667,0,0
0,2.075914882,2.232124149,0.56931203,0.926481426,2.322222222,5.44,7.3375,3.741333333,0
0,2.114692139,2.226102677,5.064380497,3.682795679,11.72133333,5.408333333,20.6,21.304,0
0,,1.360137105,0.226635632,3.974741686,2.337037037,5.3625,7.108333333,1.559259259,1
1,15.89903446,7.183974212,2.869872485,2.834398906,4.940740741,5.354666667,2.375,3.613333333,0
0,2.167221225,2.972561731,0.368371493,3.910196018,7.825,5.325,42.74375,32.9,0
1,3.420893988,2.965791243,3.079115715,1.140153735,3.910416667,5.316666667,12.775,4.091666667,0
0,0,0.454859132,1.821946983,2.975666452,0,5.3,4.925,2.833333333,0
0,1.993505073,1.849254887,1.534811515,0,5.407407407,5.288888889,2.148148148,0,0
0,1.718485086,3.593700061,1.118088526,2.46540384,2.758333333,5.285333333,1,7.311111111,0
1,3.106179407,2.612627013,3.52485738,2.024117653,11.73292181,5.269135802,5.91875,10.0436214,0
1,1.222617213,1.496860893,2.841901854,3.327453038,7.775,5.249333333,1.610666667,5.922222222,0
0,2.289302284,8.282719793,2.771323789,2.586068268,2.783333333,5.233333333,5.775,32.98333333,0
0,0.496233762,2.091431835,3.068274844,2.014730047,10.08333333,5.225,1.333333333,7.508333333,0
0,1.938576527,2.464183434,6.352027621,2.341521532,1.4,5.220833333,9.944444444,6.691666667,0
0,1.361424899,2.958179273,0,0.114671448,0,5.214814815,0,5.683333333,0
0,1.383589345,2.186083454,2.206034312,0,5.966666667,5.2,3.491666667,0,1
0,7.972527473,1.130368496,2.825368813,2.047236049,3.2,5.2,7.044444444,7.308,0
1,2.088948051,2.010188606,5.138887649,5.12846087,3.986734694,5.170833333,3.281481481,11.6375,0
1,2.858422352,1.449428804,1.221667064,2.261603667,4.512962963,5.16122449,2.87630854,3.697981771,0
0,4.705935023,3.71144351,0.933997851,0.970330912,1.57037037,5.15,2.108333333,4.144444444,0
1,2.570249401,2.285612269,3.102405193,0.96058417,3.348,5.113333333,17.61866667,32.82222222,0
0,2.02254829,,0.625032729,0.945296114,8.4,5.112,13.25833333,65.43703704,0
0,0.754801198,3.041744135,0,12.89538095,0.808333333,5.111111111,0,1.1,0
0,0.200025852,1.04180712,1.75,0,1.433333333,5.096296296,1,0,0
0,1.404027385,1.171401826,0.636074317,1.610101207,3.691666667,5.092592593,6.955555556,3.216666667,0
0,1.00454954,1.930931035,11.19896527,1.52203565,2.616666667,5.091666667,4.733333333,2.7375,0
0,3.847902887,3.256601724,14.22498699,0,3.654166667,5.077777778,4.333333333,0,1
0,3.549417553,11.04262223,1.149042517,2.932245366,3.041666667,5.037037037,7.503703704,1.718518519,0
0,0.79227432,1.289668355,,2.31144152,9.981481481,5.033333333,4.316666667,3.6,0
0,2.923473412,2.417039814,7.223877314,0,0.362962963,5.029166667,2.416666667,0,0
0,1.390217024,1.05166082,1.376917983,2.058970104,7.674074074,5.025925926,0.996296296,6.103703704,0
0,2.157144395,2.69401005,1.935526262,3.345924842,6.725,4.988888889,18.94074074,3.911111111,0
0,0.520086921,2.917284136,3.434628948,0.18228649,2.048148148,4.985185185,3.941666667,3.85,0
0,2.032783805,0.74529772,0.920187732,4.056677836,8.266666667,4.983333333,7.25,23.53125,0
0,1.293390636,1.115533718,1.513482704,2.483649981,11.18518519,4.97037037,13.65,8.333333333,0
0,1.291906424,0.661712893,1.591583418,0.840382374,2.240740741,4.966666667,3.404166667,1.5,0
1,5.471016445,0.941187166,1.195957793,2.766141898,12.23466667,4.95625,4.739583333,22.16111111,0
0,1.628155111,0.55402096,0.792827929,1.530997665,0.066666667,4.948148148,9.55625,1.754166667,0
1,1.342481672,1.969522805,5.71796467,0.420922096,3.516666667,4.933333333,2.408,3.944444444,0
1,0.68666429,1.97266539,4.115817231,1.669780681,10.91875,4.925,19.71944444,5.3,0
1,9.515964299,1.23128982,1.461913425,1.493523025,5.833333333,4.922666667,5.373333333,24.37083333,0
0,1.398005716,3.234094471,3.670624821,2.927768545,0.083333333,4.848,6.4375,25.98333333,0
0,0.284334492,0.347144431,2.634760349,6.188667536,4.8,4.833333333,0.262962963,21.84444444,0
0,3.478591075,1.991005108,2.623922472,0,0.891666667,4.825925926,9.083333333,0,0
1,5.609211186,1.746929073,2.035908606,2.405761917,4.414583333,4.808333333,13.792,11.09791667,0
0,0.804156194,0.466777842,4.699347036,2.610355713,2.562962963,4.8,19.73333333,3.977777778,0
1,3.480402433,2.595446561,1.985089864,2.636189798,10.96533333,4.794666667,15.40555556,21.42962963,0
1,1.977542499,1.879680619,2.058705871,3.220420466,1.591666667,4.791666667,3.033333333,14.63703704,0
0,23.77785267,2.519565428,1.88706696,0.685058879,17.38333333,4.788888889,3.544444444,2.25,0
1,10.58488242,3.195936616,4.228698084,12.36048709,14.73333333,4.772,7.504166667,16.41466667,0
1,7.852769805,2.967456755,2.896793748,2.487533217,9.605761317,4.761333333,21.16458333,10.92093664,0
1,3.143231058,3.260774722,1.826441105,2.295087517,7.516666667,4.759259259,8.525,7.004166667,0
0,0,1.981821794,0.300046865,0,0,4.755555556,6.855555556,0,0
1,3.083525043,4.123562844,4.422015473,0.557284334,6.106666667,4.633333333,19.44,14.38125,0
0,0.891763264,1.093501303,0.572183711,3.278712526,1.3,4.625,7.9,6.792592593,0
1,3.990261713,2.10464878,2.133595176,0.985591724,4.86,4.621333333,3.1125,1.718518519,0
0,2.749495295,2.425418345,0,3.741720961,4.221333333,4.592592593,0,0.925925926,0
0,1.004583935,3.01836219,0.485221854,0,1.503703704,4.591666667,11.8,0,0
0,0,8.123412542,1.177180807,2.603224308,0,4.570833333,6.455555556,3.637037037,0
0,1.567397307,1.289487813,1.876437186,0.539349288,4.285416667,4.533333333,9.252,10.075,0
0,1.384493392,6.897493453,0.847834212,1.741411505,0.558333333,4.529166667,1.2,0.685185185,0
1,2.503750124,1.25288487,0.840722785,1.831837079,9.341333333,4.520833333,4.4375,4.592,0
0,1.118333421,1.933329967,2.356744084,3.521332428,2.633333333,4.514666667,7.966666667,23.78333333,0
1,1.873919257,2.034444826,1.194372628,1.744233447,6.16,4.512,9.674074074,15.31733333,1
0,0.024324281,3.248786254,0.224417704,0.032807875,6.533333333,4.502083333,2.166666667,20.93333333,0
0,3.200263208,1.118148164,0.192536765,1.116663184,4.8,4.474074074,8.783333333,15.94074074,1
0,1.188969863,0.33965757,0.834913257,2.040609003,0.233333333,4.466666667,8.166666667,12.83333333,0
0,2.716719123,0.932299176,3.434615479,4.308111578,3.814666667,4.466666667,9.775,6.107407407,0
0,1.5,0.65314157,1.115394328,2.237008665,2.341666667,4.462962963,2.083333333,0.946666667,1
1,3.525432998,8.252642325,2.233465887,2.727654868,1.717333333,4.455555556,6.398666667,5.188333333,0
1,2.837264708,1.599609252,3.694446176,3.730002639,7.498071625,4.454166667,5.536111111,5.57,0
0,1.211109078,0.533722527,2.049831775,1.797428272,10.125,4.45,3.796296296,7.25,0
0,0,2.706956462,1.866860661,1.312822434,0,4.433333333,2.979166667,0.488888889,0
0,1.379200987,3.947777903,0.876254219,0.390529294,4.279166667,4.425925926,4.625925926,8.425,0
0,2.24764698,0.986399839,2.829925163,7.195831298,4.920833333,4.411111111,4.929166667,3.992592593,0
0,13.14157991,1.041284838,8.338608975,1.718431372,4.57037037,4.403703704,6.347916667,1.4375,0
1,9.875564825,6.443317597,2.035195943,3.381629324,19.0375,4.391666667,7.785185185,28.64444444,0
0,1.391200113,1.228752492,0.042219062,2.058249029,0.925,4.391666667,1.666666667,2.322222222,0
0,2.819552652,0.985561842,1.266453526,1.92979053,5.066666667,4.385185185,3.896296296,4.577777778,0
0,3.718389258,4.802894472,0.313311696,1.441841845,17.275,4.369333333,3.862962963,59.18541667,0
1,3.438844132,2.94449085,3.329451439,2.167819493,2.289455782,4.362962963,5.947222222,1.672916667,0
0,0.896738908,1.453043262,2.510958474,2.042870597,2.1,4.314814815,12.02083333,1.8,0
0,2.575306517,1.849991632,0.414947305,1.060562789,0.15,4.3,10.25925926,4.216666667,0
1,3.497854438,2.95689366,3.504588646,1.93855904,2.928,4.291666667,2.875,3.376,0
0,0.292696937,3.126253435,0.741307941,0.818870932,,4.272916667,2.316666667,70.58148148,0
0,0,0.985791586,1.967369429,0,0,4.210416667,2.875,0,0
0,3.073076294,2.171466331,0.562994119,0.074037858,10.65185185,4.2,21.20625,1.8,0
0,1.653793903,1.510613503,0.432118107,5.481394246,12.568,4.196296296,0.940740741,14.51466667,0
0,0.752315712,2.621410635,0.966215207,2.198925779,2.416666667,4.162962963,2.8,67.4,0
1,2.855928609,4.292264931,3.853829137,2.977506815,5.439351852,4.155729167,5.875,4.156,0
0,17.50633425,3.121356797,0,0.846533317,11.75925926,4.1375,0,21.525,0
0,3.121441126,3.82458831,1.317952564,1.413712747,2.909333333,4.137037037,4.562962963,3.579166667,0
0,2.956845438,0.97791346,1.808268948,0.07381718,5.603703704,4.133333333,4.166666667,2.783333333,0
1,2.061815326,0.82032466,1.534877148,3.668550018,8.683333333,4.120833333,3.516666667,15.31388889,0
0,2.098911451,0.674173416,2.015261686,4.986744488,10.688,4.1125,4.083333333,17.02037037,0
0,2.142228133,2.024358668,3.601290338,2.54262644,9.314666667,4.108333333,23.61666667,22.72266667,0
0,0.70332974,1.391038372,4.973622204,1.85027616,7.616666667,4.108333333,18.41666667,5.518518519,0
0,2.677645292,0.948070725,0.75567198,3.629293003,8.225,4.103703704,4.22962963,16.06933333,0
0,32.34,1.044047736,1.940694923,2.63792579,14.45185185,4.088888889,45.7875,31.25733333,0
0,0.875176375,1.054949074,2.643590602,0.360132293,4.422222222,4.070833333,14.18148148,1.258333333,0
0,1.348634142,0.812872575,0,1.997390998,3.037037037,4.05,0,1.016666667,0
0,1.89346105,1.924821514,2.79064994,0,1.366666667,4.041666667,14.8625,0,0
0,0.396587901,1.045512703,2.193519202,2.096066471,0.425,4.022222222,1.544444444,2.283333333,0
0,2.556877363,3.136133486,0.430081936,1.168449758,1.796,4.007407407,5,4.714814815,0
1,2.522996649,1.818508001,2.190604572,3.394020043,36.50092593,3.997916667,8.945833333,18.58909394,0
0,9.587449436,1.539869589,3.436563817,2.986015988,5.233333333,3.981481481,4.788888889,5.202083333,0
1,0.643777916,1.117576943,1.091896049,5.402424371,2.217333333,3.964,1.614583333,4.291666667,0
0,0.875446963,0.641488323,0.6505209,1.835695205,2.933333333,3.958333333,5.7,4.303703704,0
1,2.28955504,3.743861274,2.511921212,3.142519647,3.692592593,3.934666667,7.793333333,4.003703704,0
0,1.985205808,1.61690738,4.263122331,1.583521174,8.22962963,3.933333333,17.816,5.335416667,0
0,8.873030199,1.921361899,3.648638783,,3.675,3.925925926,4.303703704,5.081481481,0
0,4.294717866,0.520892217,0.385592484,0.650347921,4.752,3.925,9.9,4.75,0
1,1.040218584,0.798278651,1.915012171,1.115940177,4.116666667,3.913333333,6.654166667,12.07222222,0
0,0.592566791,0.789771287,1.07961698,1.047911416,1.175,3.907407407,0.581481481,0.575,0
0,4.54293297,3.789854353,3.024510798,1.314500177,5.35625,3.890740741,9.866666667,8.296296296,1
1,2.370056744,2.213838057,0.911692765,0.801681326,11.50133333,3.875,5.233333333,10.9375,1
1,0.409650289,0.85866473,1.640989871,2.846463798,9.329166667,3.858333333,6.05,4.440740741,0
0,2.557471324,1.202357407,2.375036591,0,1.859259259,3.854166667,6.851851852,0,0
0,2.246348705,1.975741856,3.597751237,0.004540794,1.792,3.854166667,17.04166667,2.891666667,0
0,0.451185332,1.348142995,11.89542407,7.81786398,1.366666667,3.851851852,5.377777778,1.034666667,0
1,1.67281418,0.777785875,0.724071961,,2.258333333,3.850666667,3.7,16.916,0
0,10.18405561,2.025140574,0,0.289420667,13.51458333,3.8375,0,12.56666667,0
0,0,3.16399067,5.240419548,0.947936608,0,3.825,2.883333333,4.733333333,0
0,0.522548485,0.597942198,2.773109993,4.749195691,1.983333333,3.822222222,2,1.066666667,0
0,0.71430915,1.151464204,2.53775105,3.785777923,2.2375,3.816666667,3.133333333,0.925,0
0,3.039943655,3.9351355,0.721460624,1.260747354,2.654666667,3.795833333,2.007407407,2.214814815,1
1,9.662243434,0.699990454,1.447173609,2.471970674,4.805333333,3.791666667,2.301851852,4.622916667,0
0,2.772706127,0.327557675,1.234053169,1.729638109,,3.781481481,1.25,5.933333333,0
0,0.488385833,0.793985117,1.124785441,,6.766666667,3.774074074,2.491666667,8.3375,0
0,1.334392387,0.662129623,1.053795358,1.352102126,10.25925926,3.75,8.633333333,5.875,0
1,7.328151194,0.828197792,1.221663975,1.959633681,4.691666667,3.745833333,3.854666667,8.145333333,0
0,0.07639315,2.468584529,6.519863133,2.910050355,0.716666667,3.733333333,7.451851852,20.83333333,0
0,2.13878937,0.749168478,0.525107431,4.138692613,17.78666667,3.729166667,10.52916667,14.78981481,0
0,2.673280819,3.347597704,1.252350209,0,3.166666667,3.716666667,4.037037037,0,0
0,0.636631082,0.841479974,3.721724296,3.370717538,6.744444444,3.716666667,39.04375,48.68266667,0
0,0.726341515,0.815818049,0.989658713,1.937323272,11.65,3.7125,2.35,7.3,0
0,8.189874586,11.17728568,1.672704974,3.214888693,0.388888889,3.696296296,4.777777778,1.455555556,0
0,2.016777432,3.355317567,0.446929388,1.750383975,2.434666667,3.6875,2.133333333,3.514814815,0
0,17.2898171,2.33893893,3.554439991,0.086232526,9.837037037,3.681481481,3.133333333,22.81666667,0
0,6.803638493,0.799459266,4.44115258,3.483219495,8.810666667,3.654166667,22.58148148,20.24133333,0
0,1.288078754,1.525252654,3.007081734,0.743299444,4.495833333,3.644444444,1.392592593,4.355555556,0
0,1.531568293,1.768518597,0.365099081,2.803495716,0.2,3.640740741,1.25,5.785416667,0
0,1.769391698,2.555139803,1.713280657,1.9283847,3.466666667,3.633333333,0.607407407,2.516666667,0
0,3.491682339,8.867389958,0,4.436935749,5.411111111,3.633333333,0,6.583333333,0
0,1.519457523,0.387235586,0.449068532,3.163355568,1.025,3.625925926,7.688888889,1.133333333,0
0,1.758334862,3.239075791,0.83047859,1.483365352,6.691666667,3.614814815,5.155555556,3.592592593,0
0,2.347630791,2.050169467,2.788990851,0.762374008,6.5125,3.596296296,7.854166667,1.844444444,0
0,2.389363356,1.55857025,1.792354873,3.224800066,0.45,3.575,3.829333333,21.16666667,0
0,2.498038891,3.147378745,0,0.505258963,2.751851852,3.554166667,0,5.374666667,1
0,2.77011798,0.155222763,0.000121521,3.973554368,4.240740741,3.55,0,16.4375,0
0,0,2.277755205,1.250201481,1.888693591,0,3.541666667,1.891666667,0.374074074,0
0,0.130344508,1.191832859,2.711548772,1.54648763,2.566666667,3.516666667,2.366666667,7.288888889,0
0,0.978889704,0.277551644,0.802318898,3.654668341,12.65866667,3.50625,2.045833333,17.78333333,0
0,19.87,2.25818891,1.607835917,1.444836134,1.575,3.503703704,0.625,0.5,0
0,6.791031162,0.454974919,3.386574177,2.240886496,1.637037037,3.5,10.85,7.433333333,0
0,1.759199057,2.213716096,9.124933485,3.973030718,7.50625,3.489583333,1.877777778,0.45,0
0,2.935802446,2.427758152,2.906840825,3.131772319,6.266666667,3.481481481,3.483333333,32.65,0
1,8.842300727,1.514748899,3.203159254,3.038009876,10.712,3.477083333,37.79791667,26.44,1
0,1.148780284,1.453419432,13.44462103,0.103409091,5.837037037,3.470833333,2.9,2.9,0
0,0,1.88985268,2.873747871,0.243790284,0,3.466666667,2.664,0.216666667,0
0,0.57864832,0.287801639,8.981246106,3.651356332,1.396296296,3.466666667,1.835416667,3.414814815,0
0,2.696139197,4.042761793,1.433464953,1.899839769,4.270833333,3.4625,1.477777778,0.8875,0
0,,2.15233766,2.658517207,5.944333558,2.422222222,3.4625,6.025,19.175,0
0,0,15.02998556,4.151036988,0.433083713,0,3.441666667,3.741666667,3.166666667,0
0,4.093632462,1.325252228,0.444392667,1.257277232,3.45,3.437037037,9.4,11.41111111,0
0,1.430888959,2.624803605,2.785659289,0.272950619,6.2,3.4,4.744444444,0.283333333,0
0,3.152058638,1.938668013,3.440371721,2.983931074,4.229166667,3.374074074,0.581481481,7.475,0
0,1.095655972,0.698070538,1.698095024,0.15026286,10.45185185,3.3375,6.925,2.45,0
0,1.995199314,1.457594828,1.046174799,1.253971795,7.070833333,3.337037037,5.779166667,24.86666667,0
0,4.462539482,3.942743213,1.156733417,0.277580719,4.622222222,3.325,8.659259259,33.23333333,0
0,12.28577614,2.215662611,0.889258414,1.28813307,2.483333333,3.302083333,4.75,26.19166667,0
0,0,1.530774789,0,3.156024493,0,3.291666667,0,0.488888889,0
1,2.960223715,3.049229109,5.328587527,1.850279442,3.82,3.289333333,16.004,22.64074074,0
0,12.67103564,4.987440313,3.650315171,2.215624536,2.062962963,3.288888889,3.9,13.25,0
0,2.696093057,2.882676342,2.6463445,2.536807665,6.862962963,3.266666667,6.345833333,12.65185185,0
0,0,5.412078137,13.29853695,2.40990725,0,3.233333333,12.4,4.737037037,0
0,2.986467409,1.358856265,1.63552162,1.187736316,1.696,3.225,10.525,13.6,0
0,0.685914688,0.896145129,2.023988122,3.261821045,6.022222222,3.166666667,2.955555556,26.016,0
0,1.668375777,1.48103008,1.329937004,0.522138424,2,3.158333333,1.322916667,0.644444444,0
0,0.458335757,0.414280545,0.288440637,3.609260493,2.808333333,3.151851852,7.959259259,1.55,0
0,5.102221124,8.293269478,4.925383788,0,2.214814815,3.1,4.311111111,0,0
1,2.594392448,0.273646151,1.614285382,2.311907486,8.803703704,3.1,7.58125,24.54444444,0
0,2.145842578,1.992616321,0.902426492,0.547372257,1.666666667,3.098666667,2.9875,26.00833333,1
0,0.897659842,1.053055387,0.541379945,1.027328027,2.425,3.075,2.544444444,2.37037037,1
1,7.418776241,1.272183643,1.756193469,0.579463034,1.222916667,3.044444444,12.66666667,1.9875,0
0,4.586244361,3.419048399,2.043847223,2.30620086,4.222222222,3.027083333,3.00625,26.025,0
1,4.491268585,1.640236741,1.442327593,3.206325134,3.174358974,3.020833333,5.555782313,3.925,1
0,0.162808974,1.736494289,3.069796748,3.433940071,6.35,3.014814815,1,1.008333333,0
0,4.261538462,1.736159003,1.788474318,0.44677932,2.133333333,3.010416667,2.822222222,0.508333333,0
0,0.876007161,2.283800881,2.108253454,0,6.891666667,2.993333333,7.941333333,0,0
0,4.81865396,1.076437887,2.599454528,3.543481443,7.2,2.9625,37.27083333,26.66203704,0
0,3.375410809,2.369178168,2.62699094,1.804009773,1.555555556,2.958333333,4.992592593,2.085185185,0
0,0.232183908,1.126777813,0.584706406,3.491508023,5.016666667,2.955555556,6.4,5.033333333,0
1,8.489342426,4.666644043,2.731376448,4.089442056,2.033333333,2.92,2.007407407,3.6,0
0,1.522517374,0.942046824,0.525354827,3.753408534,11.772,2.918518519,1.37037037,10.92133333,0
0,1.720043648,0.966477583,0.807142153,1.043624133,2.851851852,2.916666667,9.9375,2.762962963,0
0,0.09788702,1.615486963,1.065920533,0.737820513,4.9,2.911111111,2.485185185,1.258333333,0
0,1.851258924,3.17944421,6.216273301,0.069358176,3.620833333,2.9,14.9,40.725,0
1,11.02484829,3.501556704,13.77892792,11.7535199,3.070833333,2.879166667,6.57037037,1.222222222,0
0,3.862939302,0.309493393,3.137216934,1.572490325,1.77037037,2.866666667,3.125925926,3.641666667,0
0,3.54523008,7.519255538,2.113246171,1.633712039,1.516666667,2.866666667,1.5,1.185185185,0
0,3.509100787,11.34853235,3.930131746,0,6.614814815,2.851851852,20.18888889,0,0
0,0.717908149,3.663656863,1.529340159,2.47318302,6.288888889,2.833333333,14,0.466666667,0
0,0.61544851,1.714135386,3.503178503,0,3.618518519,2.818518519,2.396296296,0,0
1,4.257179776,1.090671424,18.08555986,17.69903928,16.41157025,2.816049383,9.395918367,7.697530864,0
0,2.978189081,17.5025148,2.282085779,3.084385663,0.666666667,2.814814815,2.430666667,6.379166667,0
0,7.141091434,1.080508167,6.107393815,4.395816743,4.381481481,2.792592593,2.125,4.108333333,0
0,0.746205886,0.343248856,1.313132654,3.218226516,1.991666667,2.775,2.333333333,0.959259259,0
0,1.439559415,1.923549775,2.400291689,1.719414208,9.233333333,2.766666667,3.475,3.103703704,1
0,1.925925987,2.556389732,1.314499763,1.133633835,4.444444444,2.766666667,8.158333333,5.818518519,0
0,7.002761522,7.013745542,0.531216071,2.666957946,6.088888889,2.761333333,3.114814815,2.359259259,0
1,1.713608718,0.623342049,1.580794629,1.276696314,4.078666667,2.7375,11.99444444,4.852,0
1,2.859204297,1.616705673,1.933606567,3.009222923,5.793112948,2.718981481,2.109333333,5.289088435,0
1,2.954921199,1.715938075,2.559206083,2.883704355,6.434183673,2.701333333,3.414403292,9.013705234,0
1,1.767860089,1.485103406,1.222120312,2.425846776,8.725,2.7,3.26,5.715212733,0
0,1.121502247,2.819818723,2.481308708,1.511577753,2.8,2.677777778,2.008333333,1.711111111,0
0,2.994820504,0.091661673,1.171874211,0.846722846,1.895833333,2.65,5.411111111,8.844444444,0
0,2.204349907,0.913862178,0.885008279,4.632215447,15.80833333,2.637037037,4.674074074,20.93333333,0
0,4.571263821,2.723771271,1.467475918,2.21637325,3.118518519,2.625,2.4,7.283333333,0
0,0.371358543,1.068979184,0.549808443,0,1.191666667,2.625,1.111111111,0,0
0,1.112235773,2.58165282,3.577228698,2.728632713,7.779166667,2.596296296,34.68333333,1.688888889,0
0,1.613592778,2.244937893,3.271009304,0,2.81875,2.583333333,2.62962963,0,0
0,1.723585356,1.075509023,7.175730496,8.839586379,4.258333333,2.5625,0.408333333,4.625,1
0,2.784776128,4.378423293,2.872933752,0.674792205,1.52962963,2.555555556,1.841666667,3.037037037,0
0,2.641866937,2.350502974,3.376913291,8.365740741,2.45,2.508333333,2.907407407,0.558333333,0
0,2.608570652,1.445877767,1.569118801,0,5.566666667,2.485185185,3.229166667,0,0
0,12.32143381,1.65133018,3.046200705,1.790491249,6.937037037,2.475,3.508333333,1.208333333,0
0,1.267914479,0.071236995,2.331752964,0,1.5,2.475,2.247916667,0,0
0,1.670990514,0.376049243,4.405462614,0,3.379166667,2.459259259,1.85,0,0
0,2.93050209,2.519808352,0.755955223,0.364277141,4.229166667,2.458333333,8,30.35833333,1
0,2.232026358,1.505371931,0.854993967,4.435586838,2.103703704,2.455555556,4.52962963,15.104,0
0,2.546301557,2.575399751,2.544204516,3.528635722,56.18,2.451851852,3.281481481,2.525925926,0
0,9.414663354,0.1231856,3.188608039,0,4.4,2.45,2.933333333,0,0
0,4.019012927,3.180296803,1.131149472,1.561005132,2.918518519,2.45,2.403703704,3.648148148,0
1,1.618804134,0.737429555,1.940140748,1.281057184,3.741666667,2.448,15.54,4.145333333,0
1,19.96726613,6.159789729,2.363025168,1.883774456,3.233333333,2.441666667,1.150666667,2.2625,0
0,2.276572682,1.222963183,1.721885689,2.658964708,2.933333333,2.42962963,1.45,3.75,0
0,7.383655436,3.074664603,10.40319665,1.062641781,10.48148148,2.425,9.316666667,9.7,0
0,1.965283264,1.780533772,0.62478029,0.927330901,2.596296296,2.414814815,5.088888889,2.911111111,0
0,0.997163259,1.579154828,1.043506046,0.73794629,5.625,2.4,2.422222222,8.35,0
1,1.164090716,2.525305638,2.467695007,2.642638292,3.600197239,2.376,2.299588477,5.058916667,1
0,3.966105596,0.886741319,3.090235382,1.683511114,3.941666667,2.374074074,1.672916667,2.566666667,0
0,3.093499255,0.785699571,0.75067318,3.424118661,2.333333333,2.333333333,43.06296296,31.95416667,0
0,1.499414372,0.574042793,1.496151945,1.568673034,,2.316666667,5.875,2.837037037,0
0,0.707827458,0.742268688,0.044678481,,5.733333333,2.316666667,3,20.41666667,0
0,1.307480601,2.006186761,0,3.261054171,0.125,2.3,0,3.225,0
0,2.974580882,2.681897594,1.014149125,1.353325272,7.368,2.297916667,2.085416667,10.19166667,0
0,0.042592918,0.777532553,3.791053124,0,2.833333333,2.291666667,5.8875,0,1
0,0.989062788,2.83645343,4.03456893,,2.939583333,2.2625,2.392592593,9.285185185,0
0,2.367720392,0.975712772,0.846441722,0.458471761,1.244444444,2.247916667,2.874074074,0.325,1
0,3.171371397,0.025230488,2.497472723,4.630230576,4.485185185,2.233333333,1.5,19.5875,0
0,1.803830992,0.619544775,2.007246039,0.21847328,0.541666667,2.2125,5,24.85925926,0
1,2.200179304,1.935975441,2.1970938,0.845227523,6.422222222,2.202666667,9.837037037,2.549333333,0
0,6.654099622,2.211868529,4.596373765,1.076305865,8.642666667,2.158333333,25.50208333,7.12962963,1
0,3.619686367,5.090083946,5.795265015,0,7.096296296,2.15,5.583333333,0,0
0,0.246742499,1.503416839,0.450730687,5.908896981,3.225,2.148148148,3.491666667,19.63703704,0
0,2.431374691,1.410624834,1.603279636,4.606109759,4.204166667,2.133333333,7.275,3.9,1
1,0.872175755,1.629891289,1.468477399,1.254042003,1.774666667,2.125333333,1.877333333,2.607407407,0
1,2.162620334,5.087055524,10.33846712,0.3420878,9.255555556,2.117333333,2.741666667,25.5,0
1,0.852795307,1.017605336,2.036745898,1.147411092,3.191666667,2.116666667,8.749333333,10.64583333,0
0,0,2.75854115,0.086737535,0.592538775,0,2.111111111,1.925925926,1.941666667,0
0,11.17741837,2.647119376,2.494977082,0.43247233,1.607407407,2.103703704,0.8125,3.007407407,0
0,2.481160993,3.350784813,0,0,1.35,2.085185185,10.3,10.05,0
0,0.721503743,1.010504175,3.422101088,5.044263365,3.6125,2.070833333,2.825,1.116666667,0
0,1.33145082,1.033732852,2.63614791,0,2.014814815,2.05,0.783333333,0,0
0,3.579888032,4.113549514,2.693987128,0.77326314,2.452,2.044444444,1.48125,2.203703704,0
0,1.428764133,1.337751941,0.1370272,0,1.05,2.044444444,11.56666667,0,0
0,2.27003623,1.678323088,2.617397963,2.758818773,9.92962963,2.036,4.158333333,18.825,0
1,3.168795105,4.653480838,5.701950612,2.719288432,10.51111111,2.021333333,12.96133333,18.11481481,0
0,0,2.73657495,2.417251581,0.798962883,0,2,5.125,5.888888889,0
0,0.427095176,1.201026848,2.324226491,1.337624614,1.645833333,1.997916667,2.839583333,3.2,0
0,0.5844894,2.873960189,3.957048101,1.791957786,4,1.991666667,0.408333333,7.355555556,0
0,1.018756553,1.359639784,2.569915544,1.21172168,2.240740741,1.959259259,1.516666667,4.996296296,0
0,1.12710179,2.471237354,3.54954436,2.760176166,4.241666667,1.922222222,4.4,2.803703704,1
0,14.53571429,0.135564628,1.559002979,1.035635141,1.791666667,1.858333333,9.25,3.141666667,1
0,2.283218828,1.299593816,0.797041115,0.344532218,3.844444444,1.85,4.355555556,1.425,0
0,2.517367493,0.809243159,1.959256243,1.123766934,4.175,1.841666667,1.466666667,1.733333333,0
0,4.840663109,1.46996008,1.487450825,4.509796419,16.38666667,1.840740741,1.588888889,20.79066667,0
0,3.588717579,0,2.48333371,3.54248366,2.666666667,1.833333333,0.807407407,1.225925926,0
0,1.814724443,4.289439147,2.752143966,1.382781275,0.951851852,1.825,1.720833333,1.133333333,0
0,0.79844165,0.985509125,1.738275597,1.197204934,0.025,1.813333333,1.216666667,2.685185185,0
0,2.182968978,2.273636689,,3.969881329,3.983333333,1.795833333,6.222222222,13.49000384,0
0,2.715052512,4.819376513,9.342498893,15.39059268,20.79166667,1.791666667,9.883333333,5.574074074,0
0,0.149553349,0.945264642,0,0.929324016,1.066666667,1.775,0,1.825,0
0,0.651778062,2.477399079,0.290348101,3.524737559,0.933333333,1.745833333,0.375,1.007407407,0
0,1.959430725,3.09739105,3.834665024,0.616626819,3.020833333,1.72962963,4.445833333,0.075,1
0,11.78732707,1.740010575,0.734087243,1.218265722,3.222222222,1.696296296,2.303703704,2.996296296,0
0,0,2.44286341,2.306128818,0.957069597,0,1.688888889,1.791666667,1.916666667,0
0,2.497688958,2.997440977,2.975770093,0.756478728,2.830666667,1.688,3.575,8.741666667,0
0,0.5424272,1.393480201,1.287873812,0.03416836,5.885185185,1.666666667,5.908333333,6.791666667,0
0,1.941500139,2.353615627,2.659372887,3.356077354,2.474074074,1.666666667,1.8,3.992592593,0
0,1.713204985,1.161805289,0.756911881,0.519965089,4.125925926,1.666666667,2.144444444,2.792592593,0
0,2.581886807,2.535282812,0,0.086275953,2.007407407,1.666666667,0,8.6,0
0,1.975218652,4.703976119,3.714346129,2.98327028,2.525,1.65,1.325925926,1.822222222,0
0,7.373754154,1.15564222,1.778867086,4.201253729,8.533333333,1.637037037,6.740740741,18.23066667,0
0,2.492238508,0.717138856,3.128514193,2.269612239,66.32592593,1.625925926,6.881481481,2.333333333,0
0,2.684049784,1.432089895,1.312302716,2.702463627,3.775,1.620833333,1.920833333,15.97592593,0
0,1.622475208,0.29077459,1.28423013,1.125239754,1.077777778,1.596296296,7.206666667,4.00625,0
0,0.387786191,1.261129815,1.231182114,3.012908149,2.825,1.591666667,3.766666667,17.34166667,0
0,2.267280854,0.904854249,1.593224866,4.065064378,1.277777778,1.574074074,2.3125,2.581481481,0
0,2.350241901,2.062403054,2.110898289,3.187830726,1.574074074,1.533333333,1.622222222,4.016666667,0
0,0,10.18630658,1.815251905,0.698455583,0,1.525925926,6.17037037,2.255555556,0
0,1.907483492,1.211579541,2.337541261,1.652365741,4.60625,1.502083333,7.074074074,1.983333333,0
0,3.201500032,1.329358142,1.475363143,0,1.074074074,1.5,7.091666667,0,0
0,0,1.814566966,0.973722171,1.436886351,0,1.477777778,0.807407407,11.46666667,0
0,2.100608148,1.813647638,1.296607562,2.697332975,8.2125,1.462962963,1.65,2.851851852,0
0,1.164711547,2.468749017,6.491195991,0.344124703,1.454166667,1.4625,3.011111111,2.011111111,0
0,0.819470949,0.986268113,3.271524727,1.59945708,2.541666667,1.459259259,26.60533333,1.674074074,0
1,2.706291388,14.32,0.802044228,0.284977571,1.170666667,1.458333333,3.633333333,5.25625,0
0,0,0.032029571,1.740031504,0,0,1.441666667,3.761333333,0,0
0,0.843668217,0.715821339,2.499902953,1.673612598,2.4,1.408333333,4.220833333,2.725,1
0,3.165357889,0.414905198,3.172779266,1.305904644,49.31666667,1.407407407,10.03703704,3.374074074,0
0,2.771028125,0.88068785,1.432892326,0.893086817,17.46666667,1.4,12.81666667,4,0
0,2.355111004,1.529708825,5.778963516,0.995358896,0.408333333,1.388888889,2,5.266666667,0
0,2.277182044,2.315963282,3.438343616,2.140522213,0.966666667,1.381481481,2.866666667,3.333333333,0
0,0.807282948,2.039942423,1.735799648,0.57795226,2.162962963,1.366666667,15.4,5.108333333,0
0,1.274218154,0.817005583,0.921255305,0.548019853,4.833333333,1.340740741,4.925925926,14.16666667,0
0,2.273378661,0.086326121,0,0.327575824,1.258333333,1.333333333,0,5.875,0
0,7.218470157,1.408512584,2.301098196,3.224111383,15.425,1.316666667,1.783333333,30.275,0
0,0.158036306,0.728453169,3.129284158,1.377448706,11.14166667,1.316666667,0.516666667,0.308333333,0
0,2.277367725,0.513862057,0.47845302,4.773124672,6.42962963,1.283333333,6.275,20.67291667,0
0,0.125956284,1.949184934,2.310511822,1.028534169,2.5,1.25,1.781481481,3.516666667,0
0,3.735287449,1.141614101,1.873715068,0,1.792592593,1.237037037,3.925,0,1
0,3.574888072,1.930592826,1.998509547,0.433170118,6.385416667,1.233333333,17.52916667,9.916666667,0
0,3.309706258,0.886170213,0.293198899,2.344895068,2.285185185,1.225,0.448148148,1.159259259,0
0,2.857422244,7.491647901,2.802346715,0.492414148,1.65,1.225,2.114814815,1.625,0
0,0.060957845,0.682708024,0.697795052,4.537240122,2.666666667,1.220833333,3.822222222,22.86458333,0
0,3.363121007,2.706693393,3.452737636,,1.244444444,1.218518519,2.418518519,0.375,0
1,4.126763567,2.491724889,2.147651652,6.763654704,1.771875,1.209333333,0.94,1.093981481,0
0,2.864697471,2.733481796,0.685614213,1.697744798,2.62,1.192592593,1.292592593,2.679166667,0
0,1.775480395,0.336045234,1.834396529,1.19142036,5.43125,1.185185185,12.94266667,6.17037037,0
0,1.041182796,2.958004387,1.988717516,3.105949818,4.42962963,1.175,4.651851852,1.8,0
0,11.93836874,12.15803678,0.654811151,0.569900069,2.622222222,1.166666667,8.658333333,2,0
0,2.355882714,2.941429409,5.524378131,0,0.858333333,1.155555556,1.425925926,0,0
0,10.91340935,1.026741879,1.86806467,2.357798277,3.066666667,1.155555556,5.9,8.911111111,0
0,0.483583186,0.465910051,0.047064798,4.496929258,1.066666667,1.125,3.158333333,18.66458333,0
0,2.506366687,1.140866131,2.16054354,2.318272012,1.796296296,1.125,5.666666667,7.008333333,0
0,0,6.514672855,4.383995037,0.028978173,0,1.111111111,0.366666667,8.088888889,0
0,2.070658649,2.481201495,1.373549152,0.783914429,7.67037037,1.111111111,2.562962963,13.55,0
0,0,0.118733406,0.49925905,0,0,1.108333333,0.383333333,0,0
0,2.328963747,0.706940075,0.11184389,1.510998512,4.933333333,1.1,0.444444444,2.95,0
0,2.441646191,3.495619962,2.147604333,1.138816746,5.32,1.083333333,12.125,2.437037037,0
0,0.872227206,1.393926714,2.663680025,2.939082153,0.825,1.070833333,3.020833333,3.459410431,0
0,4.693610901,7.129403295,6.138317519,3.397712724,14.33125,1.066666667,4.466666667,0.155555556,0
0,0.313146724,1.802147351,9.632358407,2.864121844,0.491666667,1.05,5.240740741,2.807407407,0
0,0.049891519,1.490570215,2.637067677,1.292353799,0.783333333,1.044444444,16.91851852,3.914814815,0
0,2.676633221,1.175895801,1.070249473,0.742173742,5.241333333,1.0375,7.558333333,7.745833333,0
0,9.102685368,2.198126862,3.299792268,0.654617787,3.3,1.025925926,4.244444444,1.083333333,0
0,2.98295574,2.264191605,0.799843767,0.076617659,1.3875,1.020833333,3.55,0.25,0
0,3.856843049,3.393146842,1.078525594,2.339621886,3.372916667,1.018518519,0.566666667,1.233333333,0
0,2.296860625,5.655569216,3.932627371,1.678053647,1,1,2.52962963,1.5,1
0,30.46,0.445979876,1.3082106,1.080623591,0.841666667,0.983333333,0.625,7.072916667,0
0,0.770964447,0.632791378,5.440218849,0.324097914,1.575,0.975,30.975,2.283333333,0
0,2.113639659,2.990552315,2.763862541,0.403856008,0.125,0.966666667,3.044444444,7.551851852,0
0,2.038594062,1.349614414,2.289937663,0.016363205,9.825,0.918518519,8.781481481,0.25,0
0,0.917809548,1.221947848,2.267313123,3.009868762,3.8,0.916666667,6.508333333,6.45,0
0,1.384501355,0.360883916,1.152199413,0,58.96296296,0.908333333,4.5,0,0
0,0,3.072166457,3.015208108,0,0,0.9,3.6,0,0
1,3.492689385,2.161575591,1.970997123,2.437013764,2.833333333,0.88,1.166666667,1.407407407,0
0,2.628260373,6.4754155,3.556702713,0.149105326,1.944444444,0.875,2.470833333,1.208333333,0
1,1.345610828,1.184027823,1.241112316,4.101723354,8.5875,0.87037037,5.529166667,4.5,1
0,1.907926005,0.264938363,1.219023688,1.141220063,3.379166667,0.859259259,18.90266667,8.345833333,1
1,11.72111577,9.892002132,11.77014936,4.903870137,1.566666667,0.85,3.644444444,8.659259259,0
0,1.798964872,0.743014326,5.03424957,1.954767185,0.125,0.85,32.7875,0.483333333,0
0,1.188206511,0.956881103,0.95177931,1.21645558,3.585185185,0.848148148,5.614583333,3.454166667,0
0,2.363712903,0.527248815,0.528245945,3.125704463,4.144444444,0.848148148,9.351851852,0.308333333,0
0,1.493849466,1.039036367,1.558124107,0.644322228,4.266666667,0.838666667,18.26533333,6.728,0
0,4.081158631,2.007194668,1.085375511,0.799140049,1.925925926,0.807407407,1.625,0.75,0
0,2.669307868,1.095585266,2.398935939,4.964316116,0.755555556,0.792592593,0.818518519,19.55,0
0,0.771721596,1.525755289,0.334054455,5.352806547,1.525,0.7875,3.416666667,5.176,0
0,1.522143968,0.750540434,0.515489306,2.53813329,8.15,0.766666667,3.633333333,2.1,0
0,1.193956179,1.802619693,2.294846484,0.071396766,1.051851852,0.733333333,4.618518519,2.325,1
0,3.487080438,2.053603199,3.471437373,1.782974508,0.591666667,0.688888889,1.288888889,1.624,0
0,1.079986145,0.542930831,1.761725642,1.631249532,2.348148148,0.666666667,7.272916667,8.795833333,1
0,1.348639515,4.286960255,4.151825025,1.156146422,4.744444444,0.666666667,24.5625,30.62222222,0
0,1.487824511,1.128801495,5.270567566,1.619907224,7.207407407,0.666666667,21,6.340740741,0
0,1.352501017,1.66627893,2.7959079,0,0.683333333,0.65,2.560416667,7.958333333,0
0,2.999564872,2.971541536,2.987442134,,7.703703704,0.65,0.362962963,3.066666667,0
0,0,1.327674932,1.595766583,0,0,0.648148148,0.858333333,0,1
0,2.827777778,3.416666667,1.93992674,2.387820513,0.966666667,0.625,1.311111111,0.225,0
0,0,1.846298147,1.297078687,0.180559508,0,0.614814815,4.1,3.925,0
0,0.002122058,2.387735927,1.607023919,0,5.7,0.614814815,0.725925926,0,1
0,2.345092343,2.174355054,1.989237294,0.393924877,6.170833333,0.603703704,3.0625,34.51111111,0
0,0.083449903,0.950391696,2.194687436,2.538768206,0.4,0.6,1.166666667,3.733333333,0
0,0.929325968,1.045437404,1.573008781,7.641812579,0.288888889,0.577777778,5.083333333,0.325,0
0,0.319528766,0.570886913,0.611498177,5.819127247,1.991666667,0.577777778,1.766666667,19.26296296,1
0,0,0.569574789,,1.703618249,0,0.566666667,2.518518519,2.755555556,0
0,0.4713196,1.638168516,1.157225675,1.485887534,0.644444444,0.5,10.02916667,7.383333333,0
0,1.818439418,1.492904656,0,2.683965774,0.633333333,0.5,0,2.25,0
0,0,3.106716187,0,10.20935631,0,0.466666667,0,6.05,0
0,0.37146246,2.408778388,2.636899782,2.37131917,6.908333333,0.433333333,1.085185185,0.533333333,0
0,1.145983008,1.412110743,3.54638353,4.530115678,4.664583333,0.362962963,18.42533333,18.9,1
0,3.096719215,4.787361324,3.658215764,1.253954186,1.766666667,0.35,1.414814815,2.41875,0
0,1.494322463,1.727283876,4.661077025,3.222293431,7.575,0.344444444,13.54133333,12.175,1
0,1.012431722,0.935506709,1.999216601,0,3.455555556,0.311111111,1.285185185,0,0
0,1.825159425,1.454276185,2.404423855,2.37102437,4.354166667,0.308333333,2.511111111,2.866666667,0
0,3.051703627,4.695175408,4.031897883,2.281436518,1.633333333,0.308333333,0.362962963,1.616666667,0
0,0.435809402,0.135158678,1.244681499,5.474529006,0.966666667,0.258333333,0.741666667,17.025,0
0,3.692662538,3.458732082,2.983946748,2.786856397,2.354166667,0.240740741,2.525,2.977777778,0
1,5.664979135,1.054005489,4.578066165,0.683064883,2.22,0.22962963,0.65,0.7,0
0,1.178687992,0.13562905,0.491694672,1.234288217,4.5,0.208333333,2.675,2.866666667,0
0,1.7501889,1.717125892,2.304556501,0,6.791666667,0.2,4.77037037,0,1
0,0.729019961,1.768012572,3.427154299,1.88193096,6.377777778,0.2,33.85625,31.22708333,0
0,2.677340777,0.404992847,1.977209821,0.969978684,19.91466667,0.183333333,23.79259259,3.929166667,0
0,0,4.145339362,2.844390066,0.303082891,0,0.166666667,5.155555556,5.25,0
0,1.253794329,0.434905752,0.211320936,5.451405837,7.055555556,0.158333333,2.575,16.00833333,0
0,0.414674959,2.133240418,11.26094619,8.147692309,1.766666667,0.158333333,2.375,1.214814815,0
0,2.115438021,3.908520055,0,0.741587983,0.716666667,0.114814815,7,6.511111111,0
0,0.83084487,1.49137093,0.237065212,2.191661374,2.133333333,0.1,1.096296296,2.45,0
0,5,3.666666667,3.047049442,4.370538444,0.941666667,0.05,0.6,0.825925926,0
0,0.108017707,5.154370106,7.772964479,0.552411308,2.541666667,0.05,26.72916667,6.4,0
0,8.05105927,1.636142023,0.103021709,4.712141331,15.94074074,0.033333333,0.8,24.57083333,0
0,2.048983941,0,1.649581119,0.209304452,10.1,0,6.558333333,0.258333333,1
0,3.592167212,0,5.157215837,3.754810178,1.933333333,0,1.274074074,0.366666667,0
0,1.717789608,1.839727633,3.621865746,0.652927291,1.311111111,0,1.4,1.644444444,0
0,3.702301663,0,2.15,3.32683755,1.66875,0,0.058333333,1.341666667,0
0,0.904506803,0,1.886432399,3.149577411,,0,4.15,1.179166667,0
0,2.438656883,0,1.022716048,0.694178317,8.166666667,0,1.429166667,2.65,0
0,0.930277792,0,1.981337461,2.039570081,3.391666667,0,2.492592593,1.616666667,0
0,0,0,0,1.837361192,0,0,0,1.488888889,0
0,0,0,0,3.493706066,0,0,0,0.77037037,0
0,0.216583417,0,0.09765016,0,3.8,0,0.491666667,0,0
0,,0,0.180069314,0.382399423,9.462962963,0,1.425,1.5,0
0,2.372261445,0,1.099623079,0.407087361,1.25,0,1.992592593,1.425925926,0
0,10.6259711,0,3.870353909,9.080453414,1.875,0,14.45833333,16.08333333,0
0,6.185423702,0,0,4.179306975,18.55,0,0,1.616666667,0
0,8.036792872,0,17.19004634,0.72963573,9.475,0,6.529166667,6.633333333,0
0,2.177170673,0,15.1481215,20.8129464,11.3,0,7.025925926,17.70740741,0
0,1.771910617,0,1.183567327,1.715641646,2.695833333,0,4.660416667,4.266666667,0
0,0.598283381,0,0.879476096,1.089077763,8.554166667,0,1.475,2.014583333,1
0,1.265521628,0,0.64643368,0.638126825,1.883333333,0,2.685185185,3.103703704,0
0,0,0,10.9091499,10.34072112,0,0,7.916666667,3.214814815,0
0,4.895214975,0,10.7782857,0,21.99166667,0,7.35,0,0
0,0.189672683,0,1.423262783,0.187817018,6.683333333,0,1.303703704,1.316666667,0
0,0.596484385,0,1.229348298,4.447786466,2.977777778,0,3.111111111,22.17777778,0
0,0.548791236,0,2.297457318,6.262275151,8.207407407,0,3.774074074,17.58518519,0
0,0.838123519,0,2.565211675,3.587671179,4.677777778,0,0.944444444,17.325,0
0,0.630172763,0,2.019538149,3.593581626,25.58333333,0,9.991666667,12.64166667,0
1,4.223930859,0,0.842791088,0.585404166,10.225,0,1.108333333,0.375,0
0,0,0,0.693751275,0,0,0,0.433333333,0,1
0,0,0,0,1.476726575,0,0,0,1.033333333,0
0,3.951819099,0,0.505191557,0,6.016666667,0,0.008333333,0,0
0,0,0,0.469285295,0,0,0,3.416666667,0,0
0,2.733272439,0,0.892103902,1.989314625,2.145833333,0,25.95185185,1.614814815,0
0,1.295513123,0,1.357440928,,2.15,0,18.16666667,6,0
0,9.646998627,0,1.480885643,0.520074032,4.962962963,0,4.581481481,2.922222222,0
0,4.100942511,0,2.188974547,1.78754237,18.15333333,0,11.70416667,3.822222222,0
0,0,0,2.418356982,0.612241839,0,0,2.557333333,0.566666667,0
0,0.757755911,0,0,1.356349064,6.088888889,0,0,0.966666667,0
0,0,0,2.557953788,17.16558754,0,0,12.57407407,17.23333333,0
0,2.206545003,0,1.109548596,0,2.016,0,7.155555556,12.96666667,0
0,2.155371961,0,0.770133934,2.559519362,13.25462963,0,17.0625,6.852083333,0
0,1.808858188,0,0.708091884,1.472893213,7.233333333,0,10.84166667,4.8125,0
0,1.61332125,0,0.513118246,1.391893926,2.74375,0,3.545333333,0.8,0
0,3.264112621,0,0.997513645,0.260548596,1.465333333,0,4.725925926,1.674074074,0
0,1.555886538,0,0,2.850647296,0.666666667,0,0,3.12962963,0
0,6.669865465,0,0,1.782322835,0.814814815,0,0,0.518518519,0
0,1.166325276,0,0,1.349850858,0.944444444,0,0,3.125,0
0,11.22893808,0,2.001810116,11.23749142,11.85185185,0,5.422222222,7.25,0
0,0,0,3.34531367,0.082927358,0,0,3.052083333,1.125,1
0,1.329028976,0,3.188059647,1.60428195,4.897916667,0,2.159259259,0.7,0
0,0.490733374,1.412142864,1.750175572,0.34257218,0.9,,11.30740741,1.514814815,0
1,5.783233893,3.001844919,3.753413122,3.500751749,8.565972222,,7.1125,7.406666667,0
0,1.58371306,1.596186024,1.896695005,2.693510936,1.958333333,,2.520833333,7.37037037,0
